[{"model": "web.category", "pk": 11, "fields": {"category": "BATTERY", "category_image": "category_image/BATTERY.jpg"}}, {"model": "web.category", "pk": 12, "fields": {"category": "DATA CABLE", "category_image": "category_image/DATA_CABLE_qCq0C3r.jpg"}}, {"model": "web.category", "pk": 13, "fields": {"category": "TOUCH", "category_image": "category_image/TOUCH.jpg"}}, {"model": "web.category", "pk": 14, "fields": {"category": "DISPLAY", "category_image": "category_image/DISPLAY_ywtBehQ.jpg"}}, {"model": "web.category", "pk": 15, "fields": {"category": "ACCESSORIES", "category_image": "category_image/ACCESSORIES_J81RJNS.jpg"}}, {"model": "web.brand", "pk": 1, "fields": {"brand_name": "samsung"}}, {"model": "web.brand", "pk": 2, "fields": {"brand_name": "nokia"}}, {"model": "web.brand", "pk": 4, "fields": {"brand_name": "Apple"}}, {"model": "web.brand", "pk": 5, "fields": {"brand_name": "Samsung"}}, {"model": "web.brand", "pk": 6, "fields": {"brand_name": "Huawei"}}, {"model": "web.brand", "pk": 7, "fields": {"brand_name": "Sony"}}, {"model": "web.brand", "pk": 8, "fields": {"brand_name": "Lenovo"}}, {"model": "web.brand", "pk": 9, "fields": {"brand_name": "Htc"}}, {"model": "web.brand", "pk": 10, "fields": {"brand_name": "LG"}}, {"model": "web.product_model", "pk": 8, "fields": {"category": 13, "brand": 4, "model_name": "Ipad Mini1-2 Touch Whait"}}, {"model": "web.product_model", "pk": 9, "fields": {"category": 13, "brand": 4, "model_name": "Ipad Mini1-2 Touch Black"}}, {"model": "web.product_model", "pk": 10, "fields": {"category": 13, "brand": 4, "model_name": "Ipad Mini3 Touch Whait"}}, {"model": "web.product_model", "pk": 11, "fields": {"category": 13, "brand": 4, "model_name": "Ipad Mini3 Touch Black"}}, {"model": "web.product_model", "pk": 12, "fields": {"category": 13, "brand": 4, "model_name": "Ipad2 Touch Whait"}}, {"model": "web.product_model", "pk": 13, "fields": {"category": 13, "brand": 4, "model_name": "Ipad2 Touch Black"}}, {"model": "web.product_model", "pk": 14, "fields": {"category": 13, "brand": 4, "model_name": "Ipad3 Touch Whait"}}, {"model": "web.product_model", "pk": 15, "fields": {"category": 13, "brand": 4, "model_name": "Ipad3 Touch Black"}}, {"model": "web.product_model", "pk": 16, "fields": {"category": 13, "brand": 4, "model_name": "Ipad5 Touch Whait"}}, {"model": "web.product_model", "pk": 17, "fields": {"category": 13, "brand": 4, "model_name": "Ipad5 Touch Black"}}, {"model": "web.product_model", "pk": 18, "fields": {"category": 13, "brand": 4, "model_name": "Ipad6 Touch Black"}}, {"model": "web.product_model", "pk": 19, "fields": {"category": 13, "brand": 4, "model_name": "Ipad6 Touch Whait"}}, {"model": "web.product_model", "pk": 20, "fields": {"category": 13, "brand": 4, "model_name": "Ipad7 - Ipad8 Touch Black"}}, {"model": "web.product_model", "pk": 21, "fields": {"category": 13, "brand": 4, "model_name": "Ipad7 - Ipad8 Touch Whait"}}, {"model": "web.product", "pk": 15, "fields": {"date": "2021-11-02", "product_name": "100074", "category": 13, "brand": 4, "model": 8, "product_image": "product_image/Ipad_Mini1-2_Touch_Whait_ZZX9fm1.jpg", "price": 0}}, {"model": "web.product", "pk": 16, "fields": {"date": "2021-11-02", "product_name": "100075", "category": 13, "brand": 4, "model": 9, "product_image": "product_image/Ipad_Mini1-2_Touch_Whait_nywC7cL.jpg", "price": 0}}, {"model": "web.product", "pk": 17, "fields": {"date": "2021-11-02", "product_name": "100076", "category": 13, "brand": 4, "model": 10, "product_image": "product_image/Ipad_Mini1-2_Touch_Whait_VVRyJJg.jpg", "price": 0}}, {"model": "web.product", "pk": 18, "fields": {"date": "2021-11-02", "product_name": "100077", "category": 13, "brand": 4, "model": 11, "product_image": "product_image/Ipad_Mini1-2_Touch_Whait_Ixq3B3K.jpg", "price": 0}}, {"model": "web.product", "pk": 19, "fields": {"date": "2021-11-03", "product_name": "100078", "category": 13, "brand": 4, "model": 12, "product_image": "product_image/Ipad_Mini1-2_Touch_Whait_lRyi3Lg.jpg", "price": 0}}, {"model": "web.product", "pk": 20, "fields": {"date": "2021-11-03", "product_name": "100079", "category": 13, "brand": 4, "model": 13, "product_image": "product_image/Ipad_Mini1-2_Touch_Whait_r1HTyo4.jpg", "price": 0}}, {"model": "web.product", "pk": 21, "fields": {"date": "2021-11-03", "product_name": "100080", "category": 13, "brand": 4, "model": 14, "product_image": "product_image/Ipad_Mini1-2_Touch_Whait_Kp2RcW7.jpg", "price": 0}}, {"model": "web.product", "pk": 22, "fields": {"date": "2021-11-03", "product_name": "100081", "category": 13, "brand": 4, "model": 15, "product_image": "product_image/Ipad_Mini1-2_Touch_Whait_NiFbZsF.jpg", "price": 0}}, {"model": "web.product", "pk": 23, "fields": {"date": "2021-11-03", "product_name": "100084", "category": 13, "brand": 4, "model": 16, "product_image": "product_image/Ipad_Mini1-2_Touch_Whait_sU9Nu7Y.jpg", "price": 0}}, {"model": "web.product", "pk": 24, "fields": {"date": "2021-11-03", "product_name": "100085", "category": 13, "brand": 4, "model": 17, "product_image": "product_image/Ipad_Mini1-2_Touch_Whait_nj4tPia.jpg", "price": 0}}, {"model": "web.product", "pk": 25, "fields": {"date": "2021-11-03", "product_name": "100636", "category": 13, "brand": 4, "model": 18, "product_image": "product_image/Ipad_Mini1-2_Touch_Whait_wtDGo0M.jpg", "price": 0}}, {"model": "web.product", "pk": 26, "fields": {"date": "2021-11-03", "product_name": "100700", "category": 13, "brand": 4, "model": 19, "product_image": "product_image/Ipad_Mini1-2_Touch_Whait_YvOkHh9.jpg", "price": 0}}, {"model": "web.product", "pk": 27, "fields": {"date": "2021-11-03", "product_name": "100721", "category": 13, "brand": 4, "model": 20, "product_image": "product_image/Ipad_Mini1-2_Touch_Whait_Y4Pmxxd.jpg", "price": 0}}, {"model": "web.product", "pk": 28, "fields": {"date": "2021-11-03", "product_name": "100780", "category": 13, "brand": 4, "model": 21, "product_image": "product_image/Ipad_Mini1-2_Touch_Whait_prE8e1O.jpg", "price": 0}}, {"model": "web.cart", "pk": 2, "fields": {"date": "2021-12-08", "session_key": "6l8awr3h3srcs4gd9s0e0213egkw25q0", "product": 18, "quantity": 1}}, {"model": "web.cart", "pk": 3, "fields": {"date": "2021-12-08", "session_key": "6l8awr3h3srcs4gd9s0e0213egkw25q0", "product": 20, "quantity": 1}}, {"model": "web.cart", "pk": 5, "fields": {"date": "2021-12-08", "session_key": "i0s1f0mn0yqa3a736aye6rgh7vv1f6x6", "product": 18, "quantity": 1}}, {"model": "web.cart", "pk": 6, "fields": {"date": "2021-12-08", "session_key": "i0s1f0mn0yqa3a736aye6rgh7vv1f6x6", "product": 20, "quantity": 1}}, {"model": "web.cart", "pk": 7, "fields": {"date": "2021-12-08", "session_key": "i0s1f0mn0yqa3a736aye6rgh7vv1f6x6", "product": 22, "quantity": 1}}, {"model": "web.cart", "pk": 9, "fields": {"date": "2021-12-08", "session_key": "srvdzq3v3hgilut508n7jqmzdu22m4nv", "product": 20, "quantity": 1}}, {"model": "web.cart", "pk": 10, "fields": {"date": "2021-12-08", "session_key": "srvdzq3v3hgilut508n7jqmzdu22m4nv", "product": 22, "quantity": 1}}, {"model": "web.cart", "pk": 11, "fields": {"date": "2021-12-08", "session_key": "y0bhy59murtyoraq9xinqz8udqyu81s4", "product": 16, "quantity": 1}}, {"model": "web.cart", "pk": 13, "fields": {"date": "2021-12-08", "session_key": "9fn71tv1gmdt5m4ngykffsn0hvg68fg7", "product": 16, "quantity": 1}}, {"model": "web.cart", "pk": 17, "fields": {"date": "2021-12-08", "session_key": "izvykiqdmqasjupfb0wuwful0j0mbj5x", "product": 16, "quantity": 1}}, {"model": "web.cart", "pk": 18, "fields": {"date": "2021-12-08", "session_key": "5oo5iwbkqq1ftgblirb2tggqzj9g2bl4", "product": 18, "quantity": 1}}, {"model": "web.cart", "pk": 19, "fields": {"date": "2021-12-08", "session_key": "tecsw01nauo2qvpwqna6usm9rsy04146", "product": 20, "quantity": 1}}, {"model": "web.cart", "pk": 20, "fields": {"date": "2021-12-08", "session_key": "3wnwmkrt2tu719fbw8bkyiy0istnonce", "product": 22, "quantity": 1}}, {"model": "web.cart", "pk": 23, "fields": {"date": "2021-12-08", "session_key": "vlryy5laiepjv2ywinxew0ra2hp7kxwt", "product": 17, "quantity": 1}}, {"model": "web.cart", "pk": 24, "fields": {"date": "2021-12-08", "session_key": "tdxe0onyqpwx5qqtgxu71e7vccl3kzpx", "product": 18, "quantity": 1}}, {"model": "web.cart", "pk": 25, "fields": {"date": "2021-12-08", "session_key": "odfg9x4p6iry8l1vruyn0geofqtrahir", "product": 16, "quantity": 1}}, {"model": "web.cart", "pk": 26, "fields": {"date": "2021-12-08", "session_key": "yyxade0ncx8m1b3djq9fxnn0y200vl26", "product": 17, "quantity": 1}}, {"model": "web.cart", "pk": 27, "fields": {"date": "2021-12-08", "session_key": "6l8awr3h3srcs4gd9s0e0213egkw25q0", "product": 16, "quantity": 1}}, {"model": "web.cart", "pk": 28, "fields": {"date": "2021-12-08", "session_key": "6l8awr3h3srcs4gd9s0e0213egkw25q0", "product": 22, "quantity": 1}}, {"model": "web.cart", "pk": 31, "fields": {"date": "2021-12-08", "session_key": "am36jw8d4nftur14r6ywc7shog2lh5j4", "product": 18, "quantity": 1}}, {"model": "web.cart", "pk": 32, "fields": {"date": "2021-12-08", "session_key": "bt11vuyg1sa98jl1nnb9l33tn3z5rgep", "product": 18, "quantity": 1}}, {"model": "web.cart", "pk": 33, "fields": {"date": "2021-12-08", "session_key": "kdwuhlq0yqdlfflt8gtlsnvy82jy4i22", "product": 22, "quantity": 1}}, {"model": "web.cart", "pk": 34, "fields": {"date": "2021-12-08", "session_key": "rzl4oep0ucthmd3wdea7e3nvuvjrkypp", "product": 16, "quantity": 1}}, {"model": "web.cart", "pk": 35, "fields": {"date": "2021-12-08", "session_key": "eet5zusb3o22ncp72q249ix9ztwhhzou", "product": 18, "quantity": 1}}, {"model": "web.cart", "pk": 36, "fields": {"date": "2021-12-08", "session_key": "0313tg9cacb8fr8j11cfdtl1b6r36k0d", "product": 18, "quantity": 1}}, {"model": "web.cart", "pk": 37, "fields": {"date": "2021-12-08", "session_key": "5rbks1fwra7crqgnpb8i6v9h5v7ygdaq", "product": 18, "quantity": 1}}, {"model": "web.cart", "pk": 38, "fields": {"date": "2021-12-08", "session_key": "jy5fevny3hbftupd4jp73v3i0gdl1rq3", "product": 18, "quantity": 1}}, {"model": "web.cart", "pk": 39, "fields": {"date": "2021-12-08", "session_key": "r8md6oc9x5id3zml4dwc81380nyv9qou", "product": 18, "quantity": 1}}, {"model": "web.cart", "pk": 40, "fields": {"date": "2021-12-08", "session_key": "bvekg14nerrhyzvkpjbz0v36bmxga7uv", "product": 16, "quantity": 1}}, {"model": "web.cart", "pk": 41, "fields": {"date": "2021-12-08", "session_key": "t87qa5y3ztjadu0hknl5d5lt7lew5hia", "product": 20, "quantity": 1}}, {"model": "web.cart", "pk": 42, "fields": {"date": "2021-12-08", "session_key": "elm99ekzera7ov1nyhac0jaxhl6qzbvq", "product": 18, "quantity": 1}}, {"model": "web.cart", "pk": 43, "fields": {"date": "2021-12-08", "session_key": "l50im12k6gf2ijnne3mse731bx3zsbd4", "product": 20, "quantity": 1}}, {"model": "web.cart", "pk": 44, "fields": {"date": "2021-12-08", "session_key": "376g5xwshdn2y0totqd10n93uwd47iom", "product": 18, "quantity": 1}}, {"model": "web.cart", "pk": 45, "fields": {"date": "2021-12-08", "session_key": "rp8dsokikjvgt4lv7zqntnf7mmnerauu", "product": 20, "quantity": 1}}, {"model": "web.cart", "pk": 46, "fields": {"date": "2021-12-08", "session_key": "8u2c10z5tdpq2halpbjv6ljzpiepi8hz", "product": 16, "quantity": 1}}, {"model": "web.cart", "pk": 47, "fields": {"date": "2021-12-08", "session_key": "4grmrlpxiirzehkzc0766tlg1gsbnm35", "product": 18, "quantity": 1}}, {"model": "web.cart", "pk": 48, "fields": {"date": "2021-12-08", "session_key": "rrt4mpphroht8tttc6hpi8yuqrcu078e", "product": 20, "quantity": 1}}, {"model": "web.cart", "pk": 49, "fields": {"date": "2021-12-08", "session_key": "o6d11iqst7hu5bloczon6vkxbey4s5cx", "product": 16, "quantity": 1}}, {"model": "web.cart", "pk": 50, "fields": {"date": "2021-12-08", "session_key": "xz5bj2t72047yq73d4n1ykxij0nxa6de", "product": 18, "quantity": 1}}, {"model": "web.cart", "pk": 51, "fields": {"date": "2021-12-08", "session_key": "cgsea29x3gr9390er5u896x60knbavfr", "product": 20, "quantity": 1}}, {"model": "web.cart", "pk": 52, "fields": {"date": "2021-12-08", "session_key": "ars2jcf46gi18mkasxrvilj7uvfmcl69", "product": 20, "quantity": 1}}, {"model": "web.cart", "pk": 53, "fields": {"date": "2021-12-08", "session_key": "ixa07r7t48dl9hsx8puyxnc9649bbtlg", "product": 18, "quantity": 1}}, {"model": "web.cart", "pk": 54, "fields": {"date": "2021-12-08", "session_key": "wmsd8yjwwmx9egku6peditv21ntfo5kz", "product": 20, "quantity": 1}}, {"model": "web.cart", "pk": 55, "fields": {"date": "2021-12-08", "session_key": "9n4jczgew779a33p83ohy0qbyqv0xko0", "product": 20, "quantity": 1}}, {"model": "web.cart", "pk": 56, "fields": {"date": "2021-12-08", "session_key": "wy5unmork1wsoe9ng99pkppnyjo85se3", "product": 20, "quantity": 1}}, {"model": "web.cart", "pk": 57, "fields": {"date": "2021-12-08", "session_key": "nynzu1h3sbmpmuu249ckoswxd03l0wp5", "product": 16, "quantity": 1}}, {"model": "web.cart", "pk": 58, "fields": {"date": "2021-12-08", "session_key": "wkc26nzorl4ooq4xr53rmkjqfahv5fdd", "product": 18, "quantity": 1}}, {"model": "web.cart", "pk": 59, "fields": {"date": "2021-12-08", "session_key": "k809m0us10efhuoc8nimbe40lirl286j", "product": 16, "quantity": 1}}, {"model": "web.cart", "pk": 60, "fields": {"date": "2021-12-08", "session_key": "2n5llsenek57a8xpi40o270v9lk2984c", "product": 18, "quantity": 1}}, {"model": "web.cart", "pk": 61, "fields": {"date": "2021-12-08", "session_key": "2n5llsenek57a8xpi40o270v9lk2984c", "product": 20, "quantity": 1}}, {"model": "web.cart", "pk": 62, "fields": {"date": "2021-12-08", "session_key": "2n5llsenek57a8xpi40o270v9lk2984c", "product": 22, "quantity": 1}}, {"model": "web.cart", "pk": 63, "fields": {"date": "2021-12-08", "session_key": "2n5llsenek57a8xpi40o270v9lk2984c", "product": 25, "quantity": 1}}, {"model": "web.cart", "pk": 64, "fields": {"date": "2021-12-08", "session_key": "hyzrf4yz94lgf50uwp3e7cyjyrpwbixb", "product": 16, "quantity": 1}}, {"model": "web.cart", "pk": 65, "fields": {"date": "2021-12-08", "session_key": "hyzrf4yz94lgf50uwp3e7cyjyrpwbixb", "product": 18, "quantity": 1}}, {"model": "web.cart", "pk": 66, "fields": {"date": "2021-12-08", "session_key": "hyzrf4yz94lgf50uwp3e7cyjyrpwbixb", "product": 20, "quantity": 1}}, {"model": "web.cart", "pk": 67, "fields": {"date": "2021-12-08", "session_key": "hyzrf4yz94lgf50uwp3e7cyjyrpwbixb", "product": 22, "quantity": 1}}, {"model": "web.cart", "pk": 68, "fields": {"date": "2021-12-08", "session_key": "9n7ksaebll3mequz3571eve8vbf4j36a", "product": 18, "quantity": 1}}, {"model": "web.cart", "pk": 69, "fields": {"date": "2021-12-08", "session_key": "n0hmraec1bm2oz66txutm92ixxn14j7u", "product": 20, "quantity": 1}}, {"model": "web.cart", "pk": 70, "fields": {"date": "2021-12-08", "session_key": "b49gdo8yt7m1s8tqtza8wjk1fb9xxy8s", "product": 22, "quantity": 1}}, {"model": "web.cart", "pk": 71, "fields": {"date": "2021-12-08", "session_key": "g0hzst1s5kel9ah901v7bdzczfk9invt", "product": 20, "quantity": 1}}, {"model": "web.cart", "pk": 72, "fields": {"date": "2021-12-08", "session_key": "2pjwki0tk53qb62x097ck4r6zisf7t4b", "product": 18, "quantity": 1}}, {"model": "web.cart", "pk": 73, "fields": {"date": "2021-12-08", "session_key": "b8gjachg9hppsuaicsjeiswc5msf258q", "product": 22, "quantity": 1}}, {"model": "web.cart", "pk": 74, "fields": {"date": "2021-12-08", "session_key": "pxratxks5hyu2gvq3hbc3kt2u2fhob4p", "product": 22, "quantity": 1}}, {"model": "web.cart", "pk": 75, "fields": {"date": "2021-12-08", "session_key": "w1hrbwdwkwcgmar3byp3jf4h1laulo34", "product": 16, "quantity": 1}}, {"model": "web.cart", "pk": 76, "fields": {"date": "2021-12-08", "session_key": "f50vb5rom5dzdblytz2hm0n0xhnz4dxt", "product": 18, "quantity": 1}}, {"model": "web.cart", "pk": 77, "fields": {"date": "2021-12-08", "session_key": "gntcozoxq2hxsngibjybafbweuddwakn", "product": 16, "quantity": 1}}, {"model": "web.cart", "pk": 78, "fields": {"date": "2021-12-08", "session_key": "gyylg9gvvk7gxkqa9abtzuk0eg87kt2s", "product": 18, "quantity": 1}}, {"model": "web.cart", "pk": 79, "fields": {"date": "2021-12-08", "session_key": "nzkvrb0fphm2b9vf7pn9za5staezz3lf", "product": 16, "quantity": 1}}, {"model": "web.cart", "pk": 80, "fields": {"date": "2021-12-08", "session_key": "41th106low3dxpplg6jqsmgy771eoxwi", "product": 18, "quantity": 1}}, {"model": "web.cart", "pk": 81, "fields": {"date": "2021-12-08", "session_key": "ug13pfssf9yigzzoof1r7ozgzff38sii", "product": 16, "quantity": 1}}, {"model": "web.cart", "pk": 82, "fields": {"date": "2021-12-08", "session_key": "8ozklykx2b7efwwo4dzn657lukdbtznw", "product": 20, "quantity": 1}}, {"model": "web.cart", "pk": 83, "fields": {"date": "2021-12-08", "session_key": "z78bmcwcnevdwqtaknuhoiuq1qk3tvtb", "product": 22, "quantity": 1}}]